{"11/25/22 15:43:48": {"stem": true, "data": "nyt/coarse", "mean": {"micro_f1": 0.6571527717532749, "macro_f1": 0.5068526630312913}, "mean_sq": {"micro_f1": 0.6559382319770972, "macro_f1": 0.5078633350500279}, "max": {"micro_f1": 0.6548971978832306, "macro_f1": 0.5075167209856073}}, "11/25/22 15:44:58": {"stem": true, "data": "nyt/fine", "mean": {"micro_f1": 0.5324021861715971, "macro_f1": 0.5623616349351293}, "mean_sq": {"micro_f1": 0.5193025071571093, "macro_f1": 0.5493470973086519}, "max": {"micro_f1": 0.4652554871172031, "macro_f1": 0.5069982055424191}}}