{"11/25/22 17:35:07": {"stem": [true, false], "data": ["nyt/coarse", "nyt/coarse"], "mean_micro_f1": [0.6571527717532749, 0.6545501865186085], "mean_macro_f1": [0.5068526630312913, 0.5037690482051438], "mean_sq_micro_f1": [0.6559382319770972, 0.6514270842370088], "mean_sq_macro_f1": [0.5078633350500279, 0.5002093489498702], "max_micro_f1": [0.6548971978832306, 0.649084757525809], "max_macro_f1": [0.5075167209856073, 0.4966067894509861]}, "11/25/22 17:39:28": {"stem": [true, false], "data": ["nyt/fine", "nyt/fine"], "mean_micro_f1": [0.5324021861715971, 0.5271970157022643], "mean_macro_f1": [0.5623616349351293, 0.5844644834058417], "mean_sq_micro_f1": [0.5193025071571093, 0.5200832827275094], "mean_sq_macro_f1": [0.5493470973086519, 0.5741816444829698], "max_micro_f1": [0.4652554871172031, 0.47826841329053527], "max_macro_f1": [0.5069982055424191, 0.5321925132872348]}}