{"11/25/22 17:37:47": {"model_params_vector_size": [16, 16, 64, 64], "model_params_alpha": [0.01, 0.01, 0.01, 0.01], "model_params_window": [5, 10, 5, 10], "model_params_min_count": [10, 10, 10, 10], "model_params_sample": [0.001, 0.001, 0.001, 0.001], "model_params_seed": [42, 42, 42, 42], "model_params_sg": [0, 0, 0, 0], "model_params_hs": [1, 1, 1, 1], "model_params_epochs": [75, 75, 75, 75], "stem": [true, true, true, true], "data": ["nyt/coarse", "nyt/coarse", "nyt/coarse", "nyt/coarse"], "micro_f1": [0.8156502125444608, 0.8164309881148608, 0.8153032011798386, 0.8158237182267718], "macro_f1": [0.3290277681982009, 0.3321672357264804, 0.32809005895446164, 0.32692561385536195]}, "11/25/22 17:42:46": {"model_params_vector_size": [16, 16, 64, 64], "model_params_alpha": [0.01, 0.01, 0.01, 0.01], "model_params_window": [5, 10, 5, 10], "model_params_min_count": [10, 10, 10, 10], "model_params_sample": [0.001, 0.001, 0.001, 0.001], "model_params_seed": [42, 42, 42, 42], "model_params_sg": [0, 0, 0, 0], "model_params_hs": [1, 1, 1, 1], "model_params_epochs": [75, 75, 75, 75], "stem": [true, true, true, true], "data": ["nyt/fine", "nyt/fine", "nyt/fine", "nyt/fine"], "micro_f1": [0.3966339897631647, 0.4058297909256528, 0.4092999045718747, 0.4308146091784506], "macro_f1": [0.22187167726571505, 0.21363146925881132, 0.22663934079726022, 0.2438750425504443]}}